last_name, first_name, second_name, date_of_birth, phone_number, start_date, role, departament
Нелидов,Тимур,Тимурович,1997-03-05,+84752850908,2008-03-26,front-end dev,front-end dev
Оболенский,Вячеслав,Генрихович,1997-06-08,+83666588373,2016-01-04,back-end dev,back-end dev
Антипин,Сергей,Кириллович,1994-04-17,+38619791077,2015-03-14,Administrator,Administrator
Амиреджибов,Сысой,Илариевич,1981-03-18,+48773937775,2018-06-02,Administrator,Administrator
Немирович,Христиан,Акакиевич,1993-07-24,+95342635607,2015-04-11,back-end dev,back-end dev
Аверкиев,Серафим,Егорьевич,1987-04-04,+91365802681,2011-12-03,front-end dev,front-end dev
Чернышёв,Фефил,Лаврович,1983-10-01,+64428866217,2018-06-28,back-end dev,back-end dev
Пономаренко,Матвей,Вуколович,1990-06-17,+79490681335,2019-09-10,back-end dev,back-end dev
Скопин,Ероним,Леонтьевич,1994-07-13,+54933835051,2010-06-24,Administrator,Administrator
Соковнин,Нонн,Андроникович,1998-06-13,+16426520848,2019-02-05,back-end dev,back-end dev
Левкович,Назарий,Кирсанович,1988-04-05,+81446916059,2019-04-06,Administrator,Administrator
Митусов,Владислав,Маратович,1981-07-26,+39331148967,2015-07-28,Administrator,Administrator
Владычин,Константин,Альфредович,1984-10-22,+73461696474,2019-12-11,back-end dev,back-end dev
Соломерецкий,Анастасий,Никодимович,1990-11-12,+96517195283,2009-07-25,Administrator,Administrator
Лужин,Флор,Зинонович,1986-04-25,+40156772460,2010-07-27,front-end dev,front-end dev
Васильковский,Аким,Данилович,1995-09-19,+89678523016,2016-09-28,Administrator,Administrator
Бобровский,Ждан,Викентьевич,1980-05-18,+89061619484,2012-07-08,Administrator,Administrator
Луцкевич,Власий,Михеевич,1991-03-03,+95181385602,2014-10-16,front-end dev,front-end dev
Бахтыгозин,Ангелий,Рэмович,1980-02-27,+19567906372,2019-02-23,Administrator,Administrator
Щепин,Алфей,Авенирович,1996-10-26,+84082775915,2020-01-10,front-end dev,front-end dev
Емелькин,Малахия,Тимурович,1998-03-07,+22313681293,2011-04-13,back-end dev,back-end dev
Юрлов,Северин,Велимирович,1994-04-22,+76114634302,2013-03-12,back-end dev,back-end dev
Леняков,Изяслав,Всеславович,1995-10-20,+20290319008,2013-05-17,back-end dev,back-end dev
Никольский,Евдоким,Мануйлович,1981-08-24,+51452417523,2019-04-22,front-end dev,front-end dev
Битяговский,Эмилиан,Акинфович,1994-09-03,+42270820867,2016-11-28,front-end dev,front-end dev
Мясной,Ананий,Эразмович,1994-04-05,+33349270159,2010-06-03,back-end dev,back-end dev
Гурченко,Акакий,Арефьевич,1988-11-08,+72528535893,2014-05-07,front-end dev,front-end dev
Шуклин,Фавстин,Гермогенович,1987-07-28,+87551996393,2013-03-10,front-end dev,front-end dev
Мичурин,Зосима,Любомирович,1994-04-08,+36273388092,2012-08-18,front-end dev,front-end dev
Цвирко,Лиодор,Всеволодович,1992-03-12,+40555039288,2014-06-04,back-end dev,back-end dev
Телешев,Модест,Данилович,1993-02-12,+79063802410,2008-01-17,back-end dev,back-end dev
Попович,Маврикий,Агафонович,1992-05-23,+94450484361,2012-04-14,front-end dev,front-end dev
Бельков,Апеллий,Натанович,1987-02-02,+55895087511,2013-03-16,Administrator,Administrator
Никифоров,Хавст,Мстиславович,1998-03-01,+96012399590,2018-05-15,back-end dev,back-end dev
Бакеев,Маркеллин,Марьевич,1982-04-13,+34960078458,2017-06-22,front-end dev,front-end dev
Белавин,Мирон,Силантьевич,1992-03-21,+57998303187,2016-09-02,back-end dev,back-end dev
Исленьев,Захар,Валентинович,1983-06-03,+12905919056,2010-07-24,back-end dev,back-end dev
Бурцов,Лин,Алексиевич,1987-01-30,+65296455580,2012-12-05,back-end dev,back-end dev
Розенбах,Мефодий,Несторович,1988-02-27,+68686311112,2016-01-24,back-end dev,back-end dev
Витвицкий,Ренат,Пантелеевич,1981-08-14,+88906503492,2009-07-25,Administrator,Administrator
Агалин,Даниил,Люцианович,1989-05-26,+98720237305,2014-10-14,back-end dev,back-end dev
Бутурлин,Нонн,Нарциссович,1995-10-22,+44148494930,2013-01-24,front-end dev,front-end dev
Хметевский,Всеслав,Егорович,1999-10-14,+52785098562,2014-12-19,front-end dev,front-end dev
Суковкин,Рюрик,Ларионович,1992-03-16,+91410292071,2019-03-21,Administrator,Administrator
Бурков,Володарь,Исидорович,1994-07-24,+34865025369,2015-08-18,front-end dev,front-end dev
Волынский,Анисим,Андронович,1997-09-05,+26092445348,2017-12-21,back-end dev,back-end dev
Микулаев,Фёдор,Павлинович,1995-01-25,+74208358328,2011-05-26,back-end dev,back-end dev
Чеглоков,Хрисанф,Ипполитович,1985-08-26,+67894368366,2016-03-31,front-end dev,front-end dev
Геев,Каллиник,Аввакумович,1998-06-03,+84229946126,2010-09-11,Administrator,Administrator
Жилин,Фалалей,Рафаилович,1989-04-04,+78574195255,2009-06-18,front-end dev,front-end dev
Батюшков,Севастиан,Устинович,1988-12-24,+72635982699,2012-02-22,Administrator,Administrator
Вадбольский,Фатей,Иоаннович,1992-08-13,+76260464747,2012-08-29,back-end dev,back-end dev
Валуев,Гектор,Гермогенович,1985-02-17,+73039741602,2012-01-07,back-end dev,back-end dev
Коростовцев,Иосиф,Наркисович,1993-02-04,+12916410672,2012-11-15,back-end dev,back-end dev
Мустафин,Гликерий,Пантелеевич,1984-04-07,+98219937793,2019-08-23,back-end dev,back-end dev
Поздеев,Александр,Фирсович,1980-05-02,+34684530697,2009-05-06,front-end dev,front-end dev
Чеснок,Агафангел,Харитонович,1985-03-01,+80438374006,2019-08-02,Administrator,Administrator
Шульговский,Яков,Самсонович,1992-03-19,+30343267882,2018-07-31,Administrator,Administrator
Трусов,Донат,Елизарович,1996-01-01,+32509738904,2008-09-05,Administrator,Administrator
Бурлей,Домнин,Богданович,1998-03-13,+71697951523,2018-01-18,back-end dev,back-end dev
Трусов,Братислав,Аксёнович,1988-05-22,+90804680950,2011-06-24,back-end dev,back-end dev
Влезков,Анатолий,Андронович,1992-11-29,+83717982883,2016-07-09,Administrator,Administrator
Векошкин,Ефрем,Арнольдович,1990-09-01,+55140286243,2017-09-13,front-end dev,front-end dev
Ровинский,Садок,Евстигнеевич,1992-09-08,+80735257657,2011-10-29,back-end dev,back-end dev
Комар,Василий,Кондратович,1993-05-24,+42589191561,2017-07-30,Administrator,Administrator
Будберг,Зоил,Гаврилович,1999-06-28,+22966855195,2009-08-14,Administrator,Administrator
Селиверстов,Андроник,Теодорович,1990-05-13,+73745475123,2018-06-01,front-end dev,front-end dev
Игнатьев,Полукарп,Киприанович,1996-04-23,+64000212573,2013-01-19,front-end dev,front-end dev
Чарныш,Феодот,Януариевич,1998-10-16,+27958089644,2009-08-21,back-end dev,back-end dev
Шредер,Осип,Селивёрстович,1985-07-15,+58244616872,2012-01-12,front-end dev,front-end dev
Бакуринский,Севастиан,Николаевич,1980-05-13,+92733316339,2012-07-20,front-end dev,front-end dev
Несвицкий,Альберт,Никонович,2000-10-01,+16225555709,2011-06-03,Administrator,Administrator
Вожжинский,Алексей,Алексеевич,1987-03-22,+13538158649,2015-05-25,front-end dev,front-end dev
Апушкин,Северин,Моисеевич,1982-02-06,+73069633077,2017-11-11,back-end dev,back-end dev
Греков,Эммануил,Моисеевич,1984-05-14,+45938763838,2014-02-26,Administrator,Administrator
Блудов,Флавий,Мартынович,1990-09-05,+28559632564,2010-05-08,Administrator,Administrator
Ушаков,Фока,Модестович,1987-03-24,+93697541973,2017-05-17,Administrator,Administrator
Змиев,Измарагд,Себастьянович,1989-01-08,+49120459612,2009-11-15,back-end dev,back-end dev
Писарчук,Арис,Исидорович,1999-02-10,+12961691448,2012-02-13,back-end dev,back-end dev
Власьев,Вахрамей,Ферапонтович,1980-11-27,+71843088892,2011-05-24,front-end dev,front-end dev
Мятлев,Евфимий,Маврович,1980-08-18,+21717819862,2009-05-12,back-end dev,back-end dev
Головачёв,Юст,Нилович,1981-08-26,+35583277919,2010-08-08,back-end dev,back-end dev
Каминский,Полукарп,Всеволодович,1989-07-26,+47054497344,2008-03-05,back-end dev,back-end dev
Спицын,Христофор,Панфилович,1996-11-04,+69311967861,2015-04-04,back-end dev,back-end dev
Юсупов,Власий,Вячеславович,1984-01-10,+15808822911,2009-06-18,Administrator,Administrator
Кремер,Малахия,Агеевич,1988-05-28,+82943047744,2013-09-12,back-end dev,back-end dev
Юмашев,Аксентий,Зиновьевич,1985-10-12,+42749256889,2011-07-03,front-end dev,front-end dev
Костров,Венедикт,Исаакович,1981-06-01,+33417057170,2018-10-07,front-end dev,front-end dev
Мартьянов,Алим,Филаретович,1981-11-14,+29616756462,2018-06-30,front-end dev,front-end dev
Попов,Фефил,Далматович,1988-12-27,+35736459136,2018-01-28,back-end dev,back-end dev
Чаадаев,Апеллий,Фектистович,1982-05-16,+54327552556,2015-08-28,front-end dev,front-end dev
Холоневский,Фаддей,Кирилович,1980-01-16,+49508088307,2011-05-06,front-end dev,front-end dev
Лупандин,Овсей,Кирсанович,1997-06-30,+18384239611,2012-12-17,front-end dev,front-end dev
Дивеев,Вонифатий,Герасимович,1994-12-23,+53967454755,2010-09-21,front-end dev,front-end dev
Качалов,Никодим,Нифонтович,1989-01-31,+44309797793,2016-01-29,Administrator,Administrator
Сипягин,Фортунат,Братиславович,1984-12-26,+92312707708,2013-08-05,back-end dev,back-end dev
Братцов,Максимилиан,Михеевич,1995-12-16,+65726261144,2017-01-18,back-end dev,back-end dev
Огарев,Вавила,Никифорович,1992-07-23,+24041834907,2009-01-01,Administrator,Administrator
Голицын,Серафим,Маркович,1993-05-18,+38256645315,2008-12-19,Administrator,Administrator
Горохов,Гермоген,Парамонович,1981-07-23,+52336459087,2018-08-05,Administrator,Administrator
Рылеев,Евдоким,Зинонович,1999-01-17,+85518828343,2014-03-21,front-end dev,front-end dev
Шихматов,Фирс,Фектистович,2000-04-26,+64764853318,2015-04-20,back-end dev,back-end dev
Фогль,Африкан,Серапионович,1980-09-08,+52391952378,2010-10-20,Administrator,Administrator
Невинский,Адонис,Исидорович,1999-01-05,+32918033174,2012-07-14,back-end dev,back-end dev
Шалимов,Арес,Филимонович,1990-01-17,+99209198183,2017-06-05,front-end dev,front-end dev
Ламанский,Мамант,Зенонович,1996-01-11,+53803251097,2010-02-14,front-end dev,front-end dev
Казин,Астерий,Эдмундович,1985-09-03,+79196001550,2011-09-06,Administrator,Administrator
Сенявин,Лев,Потапович,1989-10-24,+49348854066,2008-09-20,back-end dev,back-end dev
Келлер,Гонорат,Ипполитович,1993-01-21,+24920503735,2008-06-16,front-end dev,front-end dev
Белецкий,Лаврентий,Трифонович,2000-10-31,+44839550020,2008-01-16,Administrator,Administrator
Карабчевский,Потап,Юлианович,1991-04-16,+97489318040,2019-04-08,Administrator,Administrator
Троекуров,Ярмило,Киприанович,1986-04-27,+30227088350,2012-05-25,Administrator,Administrator
Мясной,Варфоломей,Сократович,2000-06-02,+48363470525,2008-11-16,back-end dev,back-end dev
Селезнёв,Мануил,Никандрович,1987-12-31,+29834307535,2011-12-22,front-end dev,front-end dev
Ленивцев,Филимон,Панкратьевич,1989-03-30,+33113035845,2019-10-08,back-end dev,back-end dev
Мищенко,Аглаий,Дамианович,1995-03-31,+92556029534,2015-05-08,front-end dev,front-end dev
Леонтьев,Анемподист,Аронович,1996-10-23,+70147560787,2019-10-22,Administrator,Administrator
Извеков,Домн,Созонтович,1989-05-08,+68743975172,2011-10-24,back-end dev,back-end dev
Карякин,Амос,Архиппович,1994-01-14,+83968301880,2008-09-16,back-end dev,back-end dev
Микешин,Илиодор,Михайлович,1995-02-25,+69362315178,2011-02-26,back-end dev,back-end dev
Белкин,Агний,Янович,1996-08-06,+49462689753,2012-01-22,Administrator,Administrator
Полуектов,Самойло,Нифонтович,1987-09-10,+89052147623,2010-06-17,back-end dev,back-end dev
Журавский,Фетис,Демьянович,1988-04-21,+97149160814,2011-09-29,Administrator,Administrator
Гарюшкин,Иезекииль,Клавдиевич,1996-09-12,+73692776115,2017-09-14,Administrator,Administrator
Захарчук,Терентий,Аркадьевич,1983-05-03,+96661722447,2013-04-28,Administrator,Administrator
Молчанов,Иван,Сидорович,1997-07-18,+56697980896,2013-10-07,Administrator,Administrator
Лашкарёв,Лонгин,Захарьевич,1980-03-16,+81202260878,2018-06-21,Administrator,Administrator
Жабин,Арес,Адонисович,1992-02-01,+58465011713,2010-01-04,front-end dev,front-end dev
Коробов,Артамон,Анфимович,1997-04-10,+38258075373,2016-05-06,front-end dev,front-end dev
Кирилюк,Фотий,Бориславович,1987-01-31,+35183850795,2013-11-21,Administrator,Administrator
Бурцов,Филон,Федосьевич,1989-07-10,+66562141594,2011-11-13,back-end dev,back-end dev
Комаров,Соломон,Станиславович,1994-09-07,+40650567587,2017-12-20,back-end dev,back-end dev
Арсеньев,Евфимий,Африканович,1990-03-25,+91386372561,2012-01-05,front-end dev,front-end dev
Борзов,Мосей,Гурьянович,1991-10-08,+35847714407,2009-11-22,Administrator,Administrator
Болычевцев,Велимир,Антониевич,1997-05-16,+28671248908,2008-01-02,Administrator,Administrator
Устимович,Фавстиан,Степанович,1994-11-17,+77500050083,2008-06-01,Administrator,Administrator
Галенковский,Пров,Прокопович,1995-07-10,+62998402160,2011-08-12,front-end dev,front-end dev
Загоскин,Мартемьян,Аверьянович,1984-11-05,+78959477675,2014-01-23,back-end dev,back-end dev
Шредер,Панкратий,Гаврилович,1995-10-08,+62914217067,2013-08-14,Administrator,Administrator
Борисов,Капитон,Аврелиевич,1984-03-15,+32187763082,2014-02-23,back-end dev,back-end dev
Хвостенко,Варлаам,Анастасьевич,1992-02-14,+74837515550,2014-09-17,Administrator,Administrator
Шишкин,Ипатий,Кирович,1999-06-16,+11797556195,2010-08-06,Administrator,Administrator
Остроградский,Гиацинт,Никитич,1993-07-31,+55530815433,2009-03-05,back-end dev,back-end dev
Зинчук,Исаак,Артурович,1990-02-23,+88425369894,2014-10-30,front-end dev,front-end dev
Жилинский,Лавр,Абрамиевич,1992-01-25,+68442129683,2009-08-05,back-end dev,back-end dev
Нефедьев,Северин,Леонович,1997-03-13,+69098885779,2015-12-04,front-end dev,front-end dev
Бухтияров,Макарий,Ираклиевич,1993-03-11,+67567678535,2009-05-31,Administrator,Administrator
Приклонский,Светозар,Савватьевич,1991-09-25,+14178587378,2010-10-19,Administrator,Administrator
Елагин,Ферапонт,Эммануилович,1999-02-24,+21157820715,2009-05-08,front-end dev,front-end dev
Качалов,Прокл,Нефёдович,1986-01-27,+47146721577,2009-05-28,back-end dev,back-end dev
